time,sat,sys,freq,az,el,snr,resp,resc,slip,vsat,lock,outc,rejc,quality_score,decision,reason,var_factor
2026/06/05 12:40:51.426,G10,GPS,1,190.6,65.6,42.3,8.4340,0.0000,0,0,0,0,0,87,use,nominal,1
2026/06/05 12:40:51.426,G12,GPS,1,68.2,39.1,39.0,4.8456,0.0000,0,0,0,0,0,100,use,nominal,1
2026/06/05 12:40:51.426,G23,GPS,1,162.0,30.4,26.5,-27.7056,0.0000,0,0,0,0,0,51,downweight,low_snr,1
2026/06/05 12:40:51.426,G25,GPS,1,124.7,53.4,38.7,-1.3006,0.0000,0,0,0,0,0,100,use,nominal,1
2026/06/05 12:40:51.426,G28,GPS,1,250.0,46.9,28.6,-0.8395,0.0000,0,0,0,0,0,88,downweight,low_snr,1
2026/06/05 12:40:51.426,G31,GPS,1,240.6,17.7,36.9,3.2183,0.0000,0,0,0,0,0,100,use,nominal,1
2026/06/05 12:40:51.426,G32,GPS,1,326.5,63.1,37.8,-7.5869,0.0000,0,0,0,0,0,88,use,nominal,1
2026/06/05 12:40:52.426,G10,GPS,1,190.6,65.6,26.2,46.7189,0.0000,0,0,0,0,0,51,downweight,low_snr,1
2026/06/05 12:40:52.426,G12,GPS,1,68.2,39.1,40.6,0.7196,0.0000,0,0,0,0,0,100,use,nominal,1
2026/06/05 12:40:52.426,G23,GPS,1,162.0,30.4,30.8,-7.3804,0.0000,0,0,0,0,0,81,downweight,low_snr,1
2026/06/05 12:40:52.426,G25,GPS,1,124.7,53.4,40.1,6.0782,0.0000,0,0,0,0,0,91,use,nominal,1
2026/06/05 12:40:52.426,G28,GPS,1,250.0,46.9,37.0,1.1903,0.0000,0,0,0,0,0,100,use,nominal,1
2026/06/05 12:40:52.426,G31,GPS,1,240.6,17.7,38.6,2.6522,0.0000,0,0,0,0,0,100,use,nominal,1
2026/06/05 12:40:52.426,G32,GPS,1,326.5,63.1,39.1,-4.5825,0.0000,0,0,0,0,0,100,use,nominal,1
2026/06/05 12:40:53.426,G10,GPS,1,190.6,65.6,25.1,50.1833,0.0000,0,0,0,0,0,49,downweight,low_snr,1
2026/06/05 12:40:53.426,G12,GPS,1,68.2,39.1,41.6,-1.3207,0.0000,0,0,0,0,0,100,use,nominal,1
2026/06/05 12:40:53.426,G23,GPS,1,162.0,30.4,29.4,-10.7648,0.0000,0,0,0,0,0,72,downweight,low_snr,1
2026/06/05 12:40:53.426,G25,GPS,1,124.7,53.4,39.8,10.2548,0.0000,0,0,0,0,0,84,use,nominal,1
2026/06/05 12:40:53.426,G28,GPS,1,250.0,46.9,39.1,-3.0118,0.0000,0,0,0,0,0,100,use,nominal,1
2026/06/05 12:40:53.426,G31,GPS,1,240.6,17.8,38.1,5.5015,0.0000,0,0,0,0,0,92,use,nominal,1
2026/06/05 12:40:53.426,G32,GPS,1,326.5,63.1,38.6,-3.0953,0.0000,0,0,0,0,0,100,use,nominal,1
2026/06/05 12:40:55.782,G10,GPS,1,190.6,65.6,22.9,2.4226,0.0000,0,0,0,0,0,76,downweight,low_snr,1
2026/06/05 12:40:55.782,G12,GPS,1,68.1,39.1,37.8,4.0770,0.0000,0,0,0,0,0,100,use,nominal,1
2026/06/05 12:40:55.782,G23,GPS,1,162.0,30.4,35.8,0.9785,0.0000,0,0,0,0,0,100,use,nominal,1
2026/06/05 12:40:55.782,G25,GPS,1,124.6,53.4,40.3,-27.3875,0.0000,0,0,0,0,0,68,downweight,large_code_residual,1
2026/06/05 12:40:55.782,G28,GPS,1,250.0,46.9,39.5,7.0930,0.0000,0,0,0,0,0,89,use,nominal,1
2026/06/05 12:40:55.782,G31,GPS,1,240.6,17.8,38.9,-3.5657,0.0000,0,0,0,0,0,100,use,nominal,1
2026/06/05 12:40:55.782,G32,GPS,1,326.5,63.1,42.6,-4.4020,0.0000,0,0,0,0,0,100,use,nominal,1
2026/06/05 12:40:56.755,G10,GPS,1,190.6,65.6,23.9,13.9964,0.0000,0,0,0,0,0,56,downweight,low_snr,1
2026/06/05 12:40:56.755,G12,GPS,1,68.1,39.1,36.9,7.7160,0.0000,0,0,0,0,0,88,use,nominal,1
2026/06/05 12:40:56.755,G23,GPS,1,162.0,30.4,34.9,-2.3636,0.0000,0,0,0,0,0,100,downweight,low_snr,1
2026/06/05 12:40:56.755,G25,GPS,1,124.6,53.4,39.4,-22.2195,0.0000,0,0,0,0,0,68,downweight,large_code_residual,1
2026/06/05 12:40:56.755,G28,GPS,1,250.0,46.9,40.2,6.4543,0.0000,0,0,0,0,0,90,use,nominal,1
2026/06/05 12:40:56.755,G31,GPS,1,240.6,17.8,38.2,-2.1879,0.0000,0,0,0,0,0,100,use,nominal,1
2026/06/05 12:40:56.755,G32,GPS,1,326.5,63.1,43.5,-8.6343,0.0000,0,0,0,0,0,87,use,nominal,1
2026/06/05 12:40:57.756,G10,GPS,1,190.6,65.6,25.8,30.6297,0.0000,0,0,0,0,0,50,downweight,low_snr,1
2026/06/05 12:40:57.756,G12,GPS,1,68.1,39.1,38.5,3.5252,0.0000,0,0,0,0,0,100,use,nominal,1
2026/06/05 12:40:57.756,G23,GPS,1,162.0,30.4,36.4,-2.7924,0.0000,0,0,0,0,0,100,use,nominal,1
2026/06/05 12:40:57.756,G25,GPS,1,124.6,53.4,36.5,-2.9080,0.0000,0,0,0,0,0,100,use,nominal,1
2026/06/05 12:40:57.756,G28,GPS,1,250.0,46.9,37.6,1.1645,0.0000,0,0,0,0,0,100,use,nominal,1
2026/06/05 12:40:57.756,G31,GPS,1,240.6,17.8,39.6,0.5024,0.0000,0,0,0,0,0,100,use,nominal,1
2026/06/05 12:40:57.756,G32,GPS,1,326.5,63.1,43.1,-4.4431,0.0000,0,0,0,0,0,100,use,nominal,1
2026/06/05 12:40:58.771,G10,GPS,1,190.6,65.5,29.7,33.3644,0.0000,0,0,0,0,0,58,downweight,low_snr,1
2026/06/05 12:40:58.771,G12,GPS,1,68.1,39.1,34.5,-1.0567,0.0000,0,0,0,0,0,99,downweight,low_snr,1
2026/06/05 12:40:58.771,G23,GPS,1,162.0,30.4,41.5,5.8665,0.0000,0,0,0,0,0,91,use,nominal,1
2026/06/05 12:40:58.771,G25,GPS,1,124.6,53.4,40.7,-8.0974,0.0000,0,0,0,0,0,88,use,nominal,1
2026/06/05 12:40:58.771,G28,GPS,1,250.0,46.9,35.7,-8.5536,0.0000,0,0,0,0,0,87,use,nominal,1
2026/06/05 12:40:58.771,G31,GPS,1,240.6,17.8,36.7,0.2130,0.0000,0,0,0,0,0,100,use,nominal,1
2026/06/05 12:40:58.771,G32,GPS,1,326.6,63.1,41.1,6.5135,0.0000,0,0,0,0,0,90,use,nominal,1
2026/06/05 12:40:59.748,G10,GPS,1,190.6,65.5,26.5,8.1290,0.0000,0,0,0,0,0,70,downweight,low_snr,1
2026/06/05 12:40:59.748,G12,GPS,1,68.1,39.1,37.9,8.3470,0.0000,0,0,0,0,0,87,use,nominal,1
2026/06/05 12:40:59.748,G23,GPS,1,162.0,30.4,36.9,-0.0675,0.0000,0,0,0,0,0,100,use,nominal,1
2026/06/05 12:40:59.748,G25,GPS,1,124.6,53.5,38.9,-10.3032,0.0000,0,0,0,0,0,84,use,nominal,1
2026/06/05 12:40:59.748,G28,GPS,1,250.0,46.9,33.6,17.0049,0.0000,0,0,0,0,0,71,downweight,low_snr,1
2026/06/05 12:40:59.748,G31,GPS,1,240.6,17.8,32.9,-5.2228,0.0000,0,0,0,0,0,88,downweight,low_snr,1
2026/06/05 12:40:59.748,G32,GPS,1,326.6,63.1,40.7,-9.0845,0.0000,0,0,0,0,0,86,use,nominal,1
2026/06/05 12:41:00.756,G10,GPS,1,190.6,65.5,31.4,52.7719,0.0000,0,0,0,0,0,61,downweight,low_snr,1
2026/06/05 12:41:00.756,G12,GPS,1,68.1,39.1,45.9,-2.8987,0.0000,0,0,0,0,0,100,use,nominal,1
2026/06/05 12:41:00.756,G23,GPS,1,162.0,30.4,39.0,-2.3764,0.0000,0,0,0,0,0,100,use,nominal,1
2026/06/05 12:41:00.756,G25,GPS,1,124.6,53.5,41.9,5.1267,0.0000,0,0,0,0,0,92,use,nominal,1
2026/06/05 12:41:00.756,G28,GPS,1,250.0,46.9,31.4,-11.5239,0.0000,0,0,0,0,0,75,downweight,low_snr,1
2026/06/05 12:41:00.756,G31,GPS,1,240.6,17.8,35.3,3.9920,0.0000,0,0,0,0,0,100,use,nominal,1
2026/06/05 12:41:00.756,G32,GPS,1,326.6,63.1,36.2,2.6787,0.0000,0,0,0,0,0,100,use,nominal,1
2026/06/05 12:41:01.780,G10,GPS,1,190.6,65.5,29.2,30.8832,0.0000,0,0,0,0,0,57,downweight,low_snr,1
2026/06/05 12:41:01.780,G12,GPS,1,68.1,39.1,44.9,0.3726,0.0000,0,0,0,0,0,100,use,nominal,1
2026/06/05 12:41:01.780,G23,GPS,1,162.0,30.4,36.3,2.5608,0.0000,0,0,0,0,0,100,use,nominal,1
2026/06/05 12:41:01.780,G25,GPS,1,124.6,53.5,36.7,-4.8000,0.0000,0,0,0,0,0,100,use,nominal,1
2026/06/05 12:41:01.780,G28,GPS,1,250.0,46.9,30.8,-26.2222,0.0000,0,0,0,0,0,60,downweight,low_snr,1
2026/06/05 12:41:01.780,G31,GPS,1,240.6,17.8,38.4,-0.1678,0.0000,0,0,0,0,0,100,use,nominal,1
2026/06/05 12:41:01.780,G32,GPS,1,326.6,63.1,38.1,2.0784,0.0000,0,0,0,0,0,100,use,nominal,1
2026/06/05 12:41:02.747,G10,GPS,1,190.6,65.5,45.2,2.2797,0.0000,0,0,0,0,0,100,use,nominal,1
2026/06/05 12:41:02.747,G12,GPS,1,68.1,39.1,47.0,2.5460,0.0000,0,0,0,0,0,100,use,nominal,1
2026/06/05 12:41:02.747,G23,GPS,1,162.0,30.3,41.2,-2.5880,0.0000,0,0,0,0,0,100,use,nominal,1
2026/06/05 12:41:02.747,G25,GPS,1,124.6,53.5,42.4,-0.7268,0.0000,0,0,0,0,0,100,use,nominal,1
2026/06/05 12:41:02.747,G28,GPS,1,250.1,47.0,33.5,2.7496,0.0000,0,0,0,0,0,97,downweight,low_snr,1
2026/06/05 12:41:02.747,G31,GPS,1,240.6,17.8,37.1,0.0407,0.0000,0,0,0,0,0,100,use,nominal,1
2026/06/05 12:41:02.747,G32,GPS,1,326.6,63.1,37.0,-4.2583,0.0000,0,0,0,0,0,100,use,nominal,1
2026/06/05 12:41:03.771,G10,GPS,1,190.6,65.5,41.0,1.6403,0.0000,0,0,0,0,0,100,use,nominal,1
2026/06/05 12:41:03.771,G12,GPS,1,68.1,39.1,45.1,-0.8712,0.0000,0,0,0,0,0,100,use,nominal,1
2026/06/05 12:41:03.771,G23,GPS,1,162.0,30.3,37.6,-3.9615,0.0000,0,0,0,0,0,100,use,nominal,1
2026/06/05 12:41:03.771,G25,GPS,1,124.5,53.5,43.1,4.0631,0.0000,0,0,0,0,0,100,use,nominal,1
2026/06/05 12:41:03.771,G28,GPS,1,250.1,47.0,29.8,-4.8334,0.0000,0,0,0,0,0,90,downweight,low_snr,1
2026/06/05 12:41:03.771,G31,GPS,1,240.6,17.8,32.9,3.8257,0.0000,0,0,0,0,0,96,downweight,low_snr,1
2026/06/05 12:41:03.771,G32,GPS,1,326.6,63.1,36.8,-0.4862,0.0000,0,0,0,0,0,100,use,nominal,1
2026/06/05 12:41:04.749,G10,GPS,1,190.6,65.5,39.5,11.3463,0.0000,0,0,0,0,0,82,use,nominal,1
2026/06/05 12:41:04.749,G12,GPS,1,68.1,39.1,44.5,6.7257,0.0000,0,0,0,0,0,90,use,nominal,1
2026/06/05 12:41:04.749,G23,GPS,1,162.0,30.3,38.7,-9.8923,0.0000,0,0,0,0,0,85,use,nominal,1
2026/06/05 12:41:04.749,G25,GPS,1,124.5,53.5,40.7,-1.5748,0.0000,0,0,0,0,0,100,use,nominal,1
2026/06/05 12:41:04.749,G31,GPS,1,240.6,17.8,34.8,4.2388,0.0000,0,0,0,0,0,100,downweight,low_snr,1
2026/06/05 12:41:04.749,G32,GPS,1,326.6,63.1,31.8,-12.0966,0.0000,0,0,0,0,0,75,downweight,low_snr,1
2026/06/05 12:41:05.778,G10,GPS,1,190.5,65.5,41.3,1.5865,0.0000,0,0,0,0,0,100,use,nominal,1
2026/06/05 12:41:05.778,G12,GPS,1,68.0,39.1,44.0,-0.2764,0.0000,0,0,0,0,0,100,use,nominal,1
2026/06/05 12:41:05.778,G23,GPS,1,162.0,30.3,37.9,-4.7276,0.0000,0,0,0,0,0,100,use,nominal,1
2026/06/05 12:41:05.778,G25,GPS,1,124.5,53.5,39.9,4.4406,0.0000,0,0,0,0,0,100,use,nominal,1
2026/06/05 12:41:05.778,G28,GPS,1,250.1,47.0,27.2,-3.6930,0.0000,0,0,0,0,0,85,downweight,low_snr,1
2026/06/05 12:41:05.778,G31,GPS,1,240.6,17.8,38.4,3.3539,0.0000,0,0,0,0,0,100,use,nominal,1
2026/06/05 12:41:05.778,G32,GPS,1,326.6,63.1,38.3,-1.7797,0.0000,0,0,0,0,0,100,use,nominal,1
2026/06/05 12:41:06.747,G10,GPS,1,190.5,65.5,41.3,-0.8867,0.0000,0,0,0,0,0,100,use,nominal,1
2026/06/05 12:41:06.747,G12,GPS,1,68.0,39.1,43.3,2.4749,0.0000,0,0,0,0,0,100,use,nominal,1
2026/06/05 12:41:06.747,G23,GPS,1,162.0,30.3,37.4,-5.4910,0.0000,0,0,0,0,0,92,use,nominal,1
2026/06/05 12:41:06.747,G25,GPS,1,124.5,53.5,41.7,4.1221,0.0000,0,0,0,0,0,100,use,nominal,1
2026/06/05 12:41:06.747,G28,GPS,1,250.1,47.0,35.8,6.7468,0.0000,0,0,0,0,0,90,use,nominal,1
2026/06/05 12:41:06.747,G32,GPS,1,326.6,63.2,35.9,-7.1243,0.0000,0,0,0,0,0,89,use,nominal,1
2026/06/05 12:41:07.751,G10,GPS,1,190.5,65.5,43.3,0.1388,0.0000,0,0,0,0,0,100,use,nominal,1
2026/06/05 12:41:07.751,G12,GPS,1,68.0,39.1,45.1,0.0843,0.0000,0,0,0,0,0,100,use,nominal,1
2026/06/05 12:41:07.751,G23,GPS,1,162.0,30.3,42.2,0.9439,0.0000,0,0,0,0,0,100,use,nominal,1
2026/06/05 12:41:07.751,G25,GPS,1,124.5,53.5,42.0,-1.1790,0.0000,0,0,0,0,0,100,use,nominal,1
2026/06/05 12:41:07.751,G31,GPS,1,240.7,17.8,30.6,-0.5673,0.0000,0,0,0,0,0,92,downweight,low_snr,1
2026/06/05 12:41:07.751,G32,GPS,1,326.7,63.2,31.4,0.5634,0.0000,0,0,0,0,0,93,downweight,low_snr,1
2026/06/05 12:41:08.768,G10,GPS,1,190.5,65.5,36.4,-6.2609,0.0000,0,0,0,0,0,90,use,nominal,1
2026/06/05 12:41:08.768,G12,GPS,1,68.0,39.1,36.4,-9.2981,0.0000,0,0,0,0,0,86,use,nominal,1
2026/06/05 12:41:08.768,G25,GPS,1,124.5,53.5,39.8,11.3369,0.0000,0,0,0,0,0,82,use,nominal,1
2026/06/05 12:41:08.768,G28,GPS,1,250.1,47.0,32.1,-12.7711,0.0000,0,0,0,0,0,75,downweight,low_snr,1
2026/06/05 12:41:08.768,G31,GPS,1,240.7,17.8,37.7,5.4002,0.0000,0,0,0,0,0,92,use,nominal,1
2026/06/05 12:41:08.768,G32,GPS,1,326.7,63.2,38.9,10.0311,0.0000,0,0,0,0,0,84,use,nominal,1
2026/06/05 12:41:09.753,G10,GPS,1,190.5,65.5,39.7,2.1762,0.0000,0,0,0,0,0,100,use,nominal,1
2026/06/05 12:41:09.753,G12,GPS,1,68.0,39.1,46.5,3.1705,0.0000,0,0,0,0,0,100,use,nominal,1
2026/06/05 12:41:09.753,G23,GPS,1,162.0,30.3,41.3,-4.2747,0.0000,0,0,0,0,0,100,use,nominal,1
2026/06/05 12:41:09.753,G25,GPS,1,124.5,53.5,37.9,0.6467,0.0000,0,0,0,0,0,100,use,nominal,1
2026/06/05 12:41:09.753,G28,GPS,1,250.1,47.0,34.8,4.3055,0.0000,0,0,0,0,0,100,downweight,low_snr,1
2026/06/05 12:41:09.753,G31,GPS,1,240.7,17.9,30.7,0.2858,0.0000,0,0,0,0,0,92,downweight,low_snr,1
2026/06/05 12:41:09.753,G32,GPS,1,326.7,63.2,36.5,-6.2470,0.0000,0,0,0,0,0,91,use,nominal,1
2026/06/05 12:41:10.771,G10,GPS,1,190.5,65.4,31.3,-9.3289,0.0000,0,0,0,0,0,79,downweight,low_snr,1
2026/06/05 12:41:10.771,G12,GPS,1,68.0,39.1,36.8,-2.9316,0.0000,0,0,0,0,0,100,use,nominal,1
2026/06/05 12:41:10.771,G23,GPS,1,162.0,30.3,41.2,-3.3170,0.0000,0,0,0,0,0,100,use,nominal,1
2026/06/05 12:41:10.771,G25,GPS,1,124.5,53.5,39.9,10.6726,0.0000,0,0,0,0,0,83,use,nominal,1
2026/06/05 12:41:10.771,G28,GPS,1,250.1,47.0,27.2,6.1945,0.0000,0,0,0,0,0,76,downweight,low_snr,1
2026/06/05 12:41:10.771,G31,GPS,1,240.7,17.9,35.4,0.4340,0.0000,0,0,0,0,0,100,use,nominal,1
2026/06/05 12:41:10.771,G32,GPS,1,326.7,63.2,35.2,-1.1976,0.0000,0,0,0,0,0,100,use,nominal,1
2026/06/05 12:41:11.751,G10,GPS,1,190.5,65.4,31.4,2.9217,0.0000,0,0,0,0,0,93,downweight,low_snr,1
2026/06/05 12:41:11.751,G12,GPS,1,68.0,39.1,40.0,1.5513,0.0000,0,0,0,0,0,100,use,nominal,1
2026/06/05 12:41:11.751,G23,GPS,1,162.0,30.3,38.2,2.3442,0.0000,0,0,0,0,0,100,use,nominal,1
2026/06/05 12:41:11.751,G25,GPS,1,124.5,53.5,41.8,-5.2692,0.0000,0,0,0,0,0,92,use,nominal,1
2026/06/05 12:41:11.751,G31,GPS,1,240.7,17.9,38.5,-1.3687,0.0000,0,0,0,0,0,100,use,nominal,1
2026/06/05 12:41:11.751,G32,GPS,1,326.7,63.2,30.6,0.2630,0.0000,0,0,0,0,0,92,downweight,low_snr,1
2026/06/05 12:41:12.759,G10,GPS,1,190.5,65.4,43.8,4.4656,0.0000,0,0,0,0,0,100,use,nominal,1
2026/06/05 12:41:12.759,G12,GPS,1,68.0,39.1,45.6,-0.1362,0.0000,0,0,0,0,0,100,use,nominal,1
2026/06/05 12:41:12.759,G23,GPS,1,162.0,30.3,33.7,-9.2564,0.0000,0,0,0,0,0,84,downweight,low_snr,1
2026/06/05 12:41:12.759,G25,GPS,1,124.4,53.5,37.3,7.1595,0.0000,0,0,0,0,0,89,use,nominal,1
2026/06/05 12:41:12.759,G28,GPS,1,250.1,47.0,38.1,-6.2080,0.0000,0,0,0,0,0,91,use,nominal,1
2026/06/05 12:41:12.759,G31,GPS,1,240.7,17.9,33.6,7.0487,0.0000,0,0,0,0,0,87,downweight,low_snr,1
2026/06/05 12:41:12.759,G32,GPS,1,326.7,63.2,37.1,-3.2594,0.0000,0,0,0,0,0,100,use,nominal,1
2026/06/05 12:41:13.760,G10,GPS,1,190.5,65.4,41.8,-1.2088,0.0000,0,0,0,0,0,100,use,nominal,1
2026/06/05 12:41:13.760,G12,GPS,1,68.0,39.1,39.1,-2.2301,0.0000,0,0,0,0,0,100,use,nominal,1
2026/06/05 12:41:13.760,G23,GPS,1,162.0,30.3,28.9,0.1162,0.0000,0,0,0,0,0,88,downweight,low_snr,1
2026/06/05 12:41:13.760,G25,GPS,1,124.4,53.5,39.9,2.5268,0.0000,0,0,0,0,0,100,use,nominal,1
2026/06/05 12:41:13.760,G28,GPS,1,250.1,47.0,37.4,-3.2330,0.0000,0,0,0,0,0,100,use,nominal,1
2026/06/05 12:41:13.760,G31,GPS,1,240.7,17.9,38.4,1.4066,0.0000,0,0,0,0,0,100,use,nominal,1
2026/06/05 12:41:13.760,G32,GPS,1,326.7,63.2,40.2,2.6029,0.0000,0,0,0,0,0,100,use,nominal,1
2026/06/05 12:41:14.755,G10,GPS,1,190.5,65.4,42.6,8.1522,0.0000,0,0,0,0,0,87,use,nominal,1
2026/06/05 12:41:14.755,G12,GPS,1,68.0,39.1,42.4,5.6883,0.0000,0,0,0,0,0,91,use,nominal,1
2026/06/05 12:41:14.755,G23,GPS,1,162.0,30.3,30.8,1.1710,0.0000,0,0,0,0,0,92,downweight,low_snr,1
2026/06/05 12:41:14.755,G25,GPS,1,124.4,53.5,35.3,-11.1638,0.0000,0,0,0,0,0,83,use,nominal,1
2026/06/05 12:41:14.755,G28,GPS,1,250.2,47.0,37.8,1.6819,0.0000,0,0,0,0,0,100,use,nominal,1
2026/06/05 12:41:14.755,G31,GPS,1,240.7,17.9,40.5,-1.8434,0.0000,0,0,0,0,0,100,use,nominal,1
2026/06/05 12:41:14.755,G32,GPS,1,326.7,63.2,35.6,-4.2510,0.0000,0,0,0,0,0,100,use,nominal,1
2026/06/05 12:41:15.768,G10,GPS,1,190.5,65.4,42.2,-1.4086,0.0000,0,0,0,0,0,100,use,nominal,1
2026/06/05 12:41:15.768,G12,GPS,1,68.0,39.1,41.8,-2.0292,0.0000,0,0,0,0,0,100,use,nominal,1
2026/06/05 12:41:15.768,G23,GPS,1,162.0,30.2,31.6,1.0660,0.0000,0,0,0,0,0,94,downweight,low_snr,1
2026/06/05 12:41:15.768,G25,GPS,1,124.4,53.5,36.1,1.6062,0.0000,0,0,0,0,0,100,use,nominal,1
2026/06/05 12:41:15.768,G28,GPS,1,250.2,47.0,38.7,-2.5608,0.0000,0,0,0,0,0,100,use,nominal,1
2026/06/05 12:41:15.768,G31,GPS,1,240.7,17.9,40.2,0.7139,0.0000,0,0,0,0,0,100,use,nominal,1
2026/06/05 12:41:15.768,G32,GPS,1,326.7,63.2,37.9,2.8326,0.0000,0,0,0,0,0,100,use,nominal,1
2026/06/05 12:41:16.752,G10,GPS,1,190.5,65.4,42.9,3.5303,0.0000,0,0,0,0,0,100,use,nominal,1
2026/06/05 12:41:16.752,G12,GPS,1,67.9,39.1,40.7,2.3272,0.0000,0,0,0,0,0,100,use,nominal,1
2026/06/05 12:41:16.752,G23,GPS,1,162.0,30.2,35.4,1.8853,0.0000,0,0,0,0,0,100,use,nominal,1
2026/06/05 12:41:16.752,G25,GPS,1,124.4,53.5,34.7,-6.3163,0.0000,0,0,0,0,0,90,downweight,low_snr,1
2026/06/05 12:41:16.752,G28,GPS,1,250.2,47.0,35.9,0.4063,0.0000,0,0,0,0,0,100,use,nominal,1
2026/06/05 12:41:16.752,G31,GPS,1,240.7,17.9,35.3,-1.4106,0.0000,0,0,0,0,0,100,use,nominal,1
2026/06/05 12:41:16.752,G32,GPS,1,326.8,63.2,37.0,-0.7711,0.0000,0,0,0,0,0,100,use,nominal,1
2026/06/05 12:41:17.751,G10,GPS,1,190.5,65.4,43.7,3.6365,0.0000,0,0,0,0,0,100,use,nominal,1
2026/06/05 12:41:17.751,G12,GPS,1,67.9,39.1,43.1,5.1790,0.0000,0,0,0,0,0,92,use,nominal,1
2026/06/05 12:41:17.751,G23,GPS,1,162.0,30.2,34.9,0.3873,0.0000,0,0,0,0,0,100,downweight,low_snr,1
2026/06/05 12:41:17.751,G25,GPS,1,124.4,53.5,34.3,-7.4671,0.0000,0,0,0,0,0,88,downweight,low_snr,1
2026/06/05 12:41:17.751,G28,GPS,1,250.2,47.0,36.7,6.6247,0.0000,0,0,0,0,0,90,use,nominal,1
2026/06/05 12:41:17.751,G31,GPS,1,240.7,17.9,36.5,-3.2984,0.0000,0,0,0,0,0,100,use,nominal,1
2026/06/05 12:41:17.751,G32,GPS,1,326.8,63.2,37.9,-5.5777,0.0000,0,0,0,0,0,92,use,nominal,1
2026/06/05 12:41:18.773,G10,GPS,1,190.5,65.4,42.6,11.4042,0.0000,0,0,0,0,0,82,use,nominal,1
2026/06/05 12:41:18.773,G12,GPS,1,67.9,39.1,45.5,3.5694,0.0000,0,0,0,0,0,100,use,nominal,1
2026/06/05 12:41:18.773,G23,GPS,1,162.0,30.2,32.3,2.2836,0.0000,0,0,0,0,0,95,downweight,low_snr,1
2026/06/05 12:41:18.773,G25,GPS,1,124.4,53.5,36.0,-12.2083,0.0000,0,0,0,0,0,81,use,nominal,1
2026/06/05 12:41:18.773,G28,GPS,1,250.2,47.1,33.3,-7.6816,0.0000,0,0,0,0,0,85,downweight,low_snr,1
2026/06/05 12:41:18.773,G31,GPS,1,240.7,17.9,34.4,1.1297,0.0000,0,0,0,0,0,99,downweight,low_snr,1
2026/06/05 12:41:18.773,G32,GPS,1,326.8,63.2,38.1,0.6608,0.0000,0,0,0,0,0,100,use,nominal,1
2026/06/05 12:41:19.750,G10,GPS,1,190.5,65.4,41.5,-7.0975,0.0000,0,0,0,0,0,89,use,nominal,1
2026/06/05 12:41:19.750,G12,GPS,1,67.9,39.1,44.5,-5.7432,0.0000,0,0,0,0,0,91,use,nominal,1
2026/06/05 12:41:19.750,G23,GPS,1,162.0,30.2,31.1,8.4022,0.0000,0,0,0,0,0,80,downweight,low_snr,1
2026/06/05 12:41:19.750,G25,GPS,1,124.4,53.5,39.1,1.1053,0.0000,0,0,0,0,0,100,use,nominal,1
2026/06/05 12:41:19.750,G28,GPS,1,250.2,47.1,27.5,-4.4353,0.0000,0,0,0,0,0,85,downweight,low_snr,1
2026/06/05 12:41:19.750,G31,GPS,1,240.7,17.9,37.1,-1.7699,0.0000,0,0,0,0,0,100,use,nominal,1
2026/06/05 12:41:19.750,G32,GPS,1,326.8,63.2,37.3,9.7066,0.0000,0,0,0,0,0,85,use,nominal,1
2026/06/05 12:41:20.775,G10,GPS,1,190.5,65.4,43.0,-10.8657,0.0000,0,0,0,0,0,83,use,nominal,1
2026/06/05 12:41:20.775,G12,GPS,1,67.9,39.1,44.6,-6.5361,0.0000,0,0,0,0,0,90,use,nominal,1
2026/06/05 12:41:20.775,G23,GPS,1,162.0,30.2,29.4,9.3981,0.0000,0,0,0,0,0,74,downweight,low_snr,1
2026/06/05 12:41:20.775,G25,GPS,1,124.3,53.6,38.8,3.6075,0.0000,0,0,0,0,0,100,use,nominal,1
2026/06/05 12:41:20.775,G31,GPS,1,240.7,17.9,35.3,-3.0914,0.0000,0,0,0,0,0,100,use,nominal,1
2026/06/05 12:41:20.775,G32,GPS,1,326.8,63.2,35.2,9.7698,0.0000,0,0,0,0,0,85,use,nominal,1
2026/06/05 12:41:21.750,G10,GPS,1,190.4,65.3,42.5,4.0539,0.0000,0,0,0,0,0,100,use,nominal,1
2026/06/05 12:41:21.750,G12,GPS,1,67.9,39.1,45.1,2.4288,0.0000,0,0,0,0,0,100,use,nominal,1
2026/06/05 12:41:21.750,G23,GPS,1,162.0,30.2,32.6,0.7921,0.0000,0,0,0,0,0,96,downweight,low_snr,1
2026/06/05 12:41:21.750,G25,GPS,1,124.3,53.6,37.7,-5.3024,0.0000,0,0,0,0,0,92,use,nominal,1
2026/06/05 12:41:21.750,G31,GPS,1,240.7,17.9,35.8,-0.7122,0.0000,0,0,0,0,0,100,use,nominal,1
2026/06/05 12:41:21.750,G32,GPS,1,326.8,63.2,36.9,-1.4028,0.0000,0,0,0,0,0,100,use,nominal,1
2026/06/05 12:41:22.754,G10,GPS,1,190.4,65.3,44.0,2.6488,0.0000,0,0,0,0,0,100,use,nominal,1
2026/06/05 12:41:22.754,G12,GPS,1,67.9,39.1,46.8,-0.4662,0.0000,0,0,0,0,0,100,use,nominal,1
2026/06/05 12:41:22.754,G23,GPS,1,162.0,30.2,42.1,2.4005,0.0000,0,0,0,0,0,100,use,nominal,1
2026/06/05 12:41:22.754,G25,GPS,1,124.3,53.6,41.8,-3.6857,0.0000,0,0,0,0,0,100,use,nominal,1
2026/06/05 12:41:22.754,G28,GPS,1,250.2,47.1,27.1,-6.3005,0.0000,0,0,0,0,0,75,downweight,low_snr,1
2026/06/05 12:41:22.754,G31,GPS,1,240.7,17.9,30.9,0.5400,0.0000,0,0,0,0,0,92,downweight,low_snr,1
2026/06/05 12:41:22.754,G32,GPS,1,326.8,63.2,33.4,3.3412,0.0000,0,0,0,0,0,97,downweight,low_snr,1
2026/06/05 12:41:23.772,G10,GPS,1,190.4,65.3,40.3,0.2852,0.0000,0,0,0,0,0,100,use,nominal,1
2026/06/05 12:41:23.772,G12,GPS,1,67.9,39.1,46.9,0.1709,0.0000,0,0,0,0,0,100,use,nominal,1
2026/06/05 12:41:23.772,G23,GPS,1,162.0,30.2,39.8,-1.1484,0.0000,0,0,0,0,0,100,use,nominal,1
2026/06/05 12:41:23.772,G25,GPS,1,124.3,53.6,41.4,0.9350,0.0000,0,0,0,0,0,100,use,nominal,1
2026/06/05 12:41:23.772,G31,GPS,1,240.7,17.9,35.6,0.5752,0.0000,0,0,0,0,0,100,use,nominal,1
2026/06/05 12:41:23.772,G32,GPS,1,326.8,63.2,34.2,-0.8558,0.0000,0,0,0,0,0,99,downweight,low_snr,1
2026/06/05 12:41:24.755,G10,GPS,1,190.4,65.3,37.5,-7.7812,0.0000,0,0,0,0,0,88,use,nominal,1
2026/06/05 12:41:24.755,G12,GPS,1,67.9,39.1,43.6,-7.8631,0.0000,0,0,0,0,0,88,use,nominal,1
2026/06/05 12:41:24.755,G23,GPS,1,162.0,30.2,39.4,5.0578,0.0000,0,0,0,0,0,92,use,nominal,1
2026/06/05 12:41:24.755,G25,GPS,1,124.3,53.6,41.8,5.6901,0.0000,0,0,0,0,0,91,use,nominal,1
2026/06/05 12:41:24.755,G28,GPS,1,250.2,47.1,37.1,-7.3248,0.0000,0,0,0,0,0,89,use,nominal,1
2026/06/05 12:41:24.755,G31,GPS,1,240.7,17.9,33.2,1.2108,0.0000,0,0,0,0,0,97,downweight,low_snr,1
2026/06/05 12:41:24.755,G32,GPS,1,326.8,63.3,36.4,11.2089,0.0000,0,0,0,0,0,83,use,nominal,1
2026/06/05 12:41:25.773,G10,GPS,1,190.4,65.3,38.8,-1.0030,0.0000,0,0,0,0,0,100,use,nominal,1
2026/06/05 12:41:25.773,G12,GPS,1,67.9,39.1,44.4,4.0816,0.0000,0,0,0,0,0,100,use,nominal,1
2026/06/05 12:41:25.773,G23,GPS,1,162.0,30.2,40.1,-2.3560,0.0000,0,0,0,0,0,100,use,nominal,1
2026/06/05 12:41:25.773,G25,GPS,1,124.3,53.6,41.5,-0.5038,0.0000,0,0,0,0,0,100,use,nominal,1
2026/06/05 12:41:25.773,G28,GPS,1,250.2,47.1,37.1,17.5754,0.0000,0,0,0,0,0,72,use,nominal,1
2026/06/05 12:41:25.773,G31,GPS,1,240.7,18.0,36.0,-3.1406,0.0000,0,0,0,0,0,100,use,nominal,1
2026/06/05 12:41:25.773,G32,GPS,1,326.9,63.3,28.8,-9.3968,0.0000,0,0,0,0,0,73,downweight,low_snr,1
2026/06/05 12:41:26.751,G10,GPS,1,190.4,65.3,40.3,5.5078,0.0000,0,0,0,0,0,92,use,nominal,1
2026/06/05 12:41:26.751,G12,GPS,1,67.9,39.1,45.2,1.1123,0.0000,0,0,0,0,0,100,use,nominal,1
2026/06/05 12:41:26.751,G23,GPS,1,162.0,30.2,38.9,-0.9714,0.0000,0,0,0,0,0,100,use,nominal,1
2026/06/05 12:41:26.751,G25,GPS,1,124.3,53.6,42.1,-2.9751,0.0000,0,0,0,0,0,100,use,nominal,1
2026/06/05 12:41:26.751,G28,GPS,1,250.2,47.1,36.8,-4.8248,0.0000,0,0,0,0,0,100,use,nominal,1
2026/06/05 12:41:26.751,G31,GPS,1,240.7,18.0,34.2,2.1624,0.0000,0,0,0,0,0,99,downweight,low_snr,1
2026/06/05 12:41:27.755,G10,GPS,1,190.4,65.3,41.2,8.4269,0.0000,0,0,0,0,0,87,use,nominal,1
2026/06/05 12:41:27.755,G12,GPS,1,67.8,39.1,44.5,-0.1672,0.0000,0,0,0,0,0,100,use,nominal,1
2026/06/05 12:41:27.755,G23,GPS,1,162.0,30.1,40.0,0.9615,0.0000,0,0,0,0,0,100,use,nominal,1
2026/06/05 12:41:27.755,G25,GPS,1,124.3,53.6,42.2,-5.5588,0.0000,0,0,0,0,0,92,use,nominal,1
2026/06/05 12:41:27.755,G28,GPS,1,250.3,47.1,37.0,-11.5638,0.0000,0,0,0,0,0,82,use,nominal,1
2026/06/05 12:41:27.755,G31,GPS,1,240.8,18.0,35.2,3.7854,0.0000,0,0,0,0,0,100,use,nominal,1
2026/06/05 12:41:27.755,G32,GPS,1,326.9,63.3,30.7,4.7134,0.0000,0,0,0,0,0,92,downweight,low_snr,1
2026/06/05 12:41:28.771,G10,GPS,1,190.4,65.3,38.5,8.6603,0.0000,0,0,0,0,0,87,use,nominal,1
2026/06/05 12:41:28.771,G12,GPS,1,67.8,39.1,43.6,-0.2860,0.0000,0,0,0,0,0,100,use,nominal,1
2026/06/05 12:41:28.771,G23,GPS,1,162.0,30.1,42.9,0.2511,0.0000,0,0,0,0,0,100,use,nominal,1
2026/06/05 12:41:28.771,G25,GPS,1,124.3,53.6,43.6,-4.7336,0.0000,0,0,0,0,0,100,use,nominal,1
2026/06/05 12:41:28.771,G28,GPS,1,250.3,47.1,37.5,-11.9221,0.0000,0,0,0,0,0,81,use,nominal,1
2026/06/05 12:41:28.771,G31,GPS,1,240.8,18.0,32.4,4.5738,0.0000,0,0,0,0,0,95,downweight,low_snr,1
2026/06/05 12:41:28.771,G32,GPS,1,326.9,63.3,36.5,3.9407,0.0000,0,0,0,0,0,100,use,nominal,1
2026/06/05 12:41:29.756,G10,GPS,1,190.4,65.3,46.2,0.2073,0.0000,0,0,0,0,0,100,use,nominal,1
2026/06/05 12:41:29.756,G12,GPS,1,67.8,39.1,44.8,-0.8917,0.0000,0,0,0,0,0,100,use,nominal,1
2026/06/05 12:41:29.756,G23,GPS,1,162.0,30.1,43.8,-5.6430,0.0000,0,0,0,0,0,91,use,nominal,1
2026/06/05 12:41:29.756,G25,GPS,1,124.2,53.6,38.6,6.9793,0.0000,0,0,0,0,0,89,use,nominal,1
2026/06/05 12:41:29.756,G28,GPS,1,250.3,47.1,38.4,-2.2708,0.0000,0,0,0,0,0,100,use,nominal,1
2026/06/05 12:41:29.756,G31,GPS,1,240.8,18.0,40.6,3.8079,0.0000,0,0,0,0,0,100,use,nominal,1
2026/06/05 12:41:29.756,G32,GPS,1,326.9,63.3,35.9,-2.1463,0.0000,0,0,0,0,0,100,use,nominal,1
2026/06/05 12:41:30.748,G10,GPS,1,190.4,65.3,43.8,-1.4835,0.0000,0,0,0,0,0,100,use,nominal,1
2026/06/05 12:41:30.748,G12,GPS,1,67.8,39.0,44.9,-0.0027,0.0000,0,0,0,0,0,100,use,nominal,1
2026/06/05 12:41:30.748,G23,GPS,1,162.0,30.1,40.0,4.5851,0.0000,0,0,0,0,0,100,use,nominal,1
2026/06/05 12:41:30.748,G25,GPS,1,124.2,53.6,37.2,-4.2554,0.0000,0,0,0,0,0,100,use,nominal,1
2026/06/05 12:41:30.748,G28,GPS,1,250.3,47.1,38.0,1.9905,0.0000,0,0,0,0,0,100,use,nominal,1
2026/06/05 12:41:30.748,G31,GPS,1,240.8,18.0,31.2,-3.4595,0.0000,0,0,0,0,0,93,downweight,low_snr,1
2026/06/05 12:41:30.748,G32,GPS,1,326.9,63.3,32.2,2.3830,0.0000,0,0,0,0,0,95,downweight,low_snr,1
2026/06/05 12:41:45.913,G10,GPS,1,190.3,65.1,42.9,-2.1762,0.0000,0,0,0,0,0,100,use,nominal,1
2026/06/05 12:41:45.913,G12,GPS,1,67.7,39.0,46.1,-4.5694,0.0000,0,0,0,0,0,100,use,nominal,1
2026/06/05 12:41:45.913,G23,GPS,1,162.0,30.0,36.4,-3.6520,0.0000,0,0,0,0,0,100,use,nominal,1
2026/06/05 12:41:45.913,G25,GPS,1,124.0,53.7,39.8,19.0454,0.0000,0,0,0,0,0,70,use,nominal,1
2026/06/05 12:41:45.913,G28,GPS,1,250.4,47.2,35.8,-7.4708,0.0000,0,0,0,0,0,89,use,nominal,1
2026/06/05 12:41:45.913,G31,GPS,1,240.8,18.1,39.7,5.0619,0.0000,0,0,0,0,0,92,use,nominal,1
2026/06/05 12:41:45.913,G32,GPS,1,327.1,63.4,37.2,3.4508,0.0000,0,0,0,0,0,100,use,nominal,1
2026/06/05 12:41:46.413,G10,GPS,1,190.3,65.1,39.0,-8.6382,0.0000,0,0,0,0,0,87,use,nominal,1
2026/06/05 12:41:46.413,G12,GPS,1,67.7,39.0,46.6,-7.0641,0.0000,0,0,0,0,0,89,use,nominal,1
2026/06/05 12:41:46.413,G23,GPS,1,162.0,30.0,38.2,4.0598,0.0000,0,0,0,0,0,100,use,nominal,1
2026/06/05 12:41:46.413,G25,GPS,1,124.0,53.7,40.5,6.6659,0.0000,0,0,0,0,0,90,use,nominal,1
2026/06/05 12:41:46.413,G28,GPS,1,250.4,47.2,31.9,-4.8499,0.0000,0,0,0,0,0,94,downweight,low_snr,1
2026/06/05 12:41:46.413,G31,GPS,1,240.8,18.1,37.3,0.5403,0.0000,0,0,0,0,0,100,use,nominal,1
2026/06/05 12:41:46.413,G32,GPS,1,327.1,63.4,35.6,9.2258,0.0000,0,0,0,0,0,86,use,nominal,1
2026/06/05 12:41:47.413,G10,GPS,1,190.3,65.1,42.5,0.2307,0.0000,0,0,0,0,0,100,use,nominal,1
2026/06/05 12:41:47.413,G12,GPS,1,67.7,39.0,46.1,-1.2893,0.0000,0,0,0,0,0,100,use,nominal,1
2026/06/05 12:41:47.413,G23,GPS,1,162.1,30.0,38.0,3.4099,0.0000,0,0,0,0,0,100,use,nominal,1
2026/06/05 12:41:47.413,G25,GPS,1,124.0,53.7,41.5,-2.6587,0.0000,0,0,0,0,0,100,use,nominal,1
2026/06/05 12:41:47.413,G28,GPS,1,250.4,47.2,27.4,-4.2603,0.0000,0,0,0,0,0,85,downweight,low_snr,1
2026/06/05 12:41:47.413,G31,GPS,1,240.8,18.1,35.6,-0.4370,0.0000,0,0,0,0,0,100,use,nominal,1
2026/06/05 12:41:47.413,G32,GPS,1,327.1,63.4,34.4,4.1267,0.0000,0,0,0,0,0,99,downweight,low_snr,1
2026/06/05 12:41:48.413,G10,GPS,1,190.3,65.1,43.2,2.9172,0.0000,0,0,0,0,0,100,use,nominal,1
2026/06/05 12:41:48.413,G12,GPS,1,67.6,39.0,44.9,2.2616,0.0000,0,0,0,0,0,100,use,nominal,1
2026/06/05 12:41:48.413,G23,GPS,1,162.1,30.0,35.0,-4.4583,0.0000,0,0,0,0,0,100,use,nominal,1
2026/06/05 12:41:48.413,G25,GPS,1,124.0,53.7,41.6,1.0043,0.0000,0,0,0,0,0,100,use,nominal,1
2026/06/05 12:41:48.413,G28,GPS,1,250.4,47.2,28.3,1.4068,0.0000,0,0,0,0,0,87,downweight,low_snr,1
2026/06/05 12:41:48.413,G31,GPS,1,240.9,18.1,33.7,1.5589,0.0000,0,0,0,0,0,98,downweight,low_snr,1
2026/06/05 12:41:48.413,G32,GPS,1,327.1,63.4,41.0,-4.5142,0.0000,0,0,0,0,0,100,use,nominal,1
2026/06/05 12:41:49.413,G10,GPS,1,190.3,65.1,42.5,-0.9020,0.0000,0,0,0,0,0,100,use,nominal,1
2026/06/05 12:41:49.413,G12,GPS,1,67.6,39.0,41.3,-1.3363,0.0000,0,0,0,0,0,100,use,nominal,1
2026/06/05 12:41:49.413,G23,GPS,1,162.1,30.0,35.6,0.5240,0.0000,0,0,0,0,0,100,use,nominal,1
2026/06/05 12:41:49.413,G25,GPS,1,124.0,53.7,39.5,1.1331,0.0000,0,0,0,0,0,100,use,nominal,1
2026/06/05 12:41:49.413,G28,GPS,1,250.4,47.2,32.3,-1.8991,0.0000,0,0,0,0,0,95,downweight,low_snr,1
2026/06/05 12:41:49.413,G31,GPS,1,240.9,18.1,34.3,0.5821,0.0000,0,0,0,0,0,99,downweight,low_snr,1
2026/06/05 12:41:49.413,G32,GPS,1,327.1,63.4,38.9,1.7986,0.0000,0,0,0,0,0,100,use,nominal,1
2026/06/05 12:41:50.413,G10,GPS,1,190.3,65.1,43.0,6.4075,0.0000,0,0,0,0,0,90,use,nominal,1
2026/06/05 12:41:50.413,G12,GPS,1,67.6,39.0,45.0,0.8693,0.0000,0,0,0,0,0,100,use,nominal,1
2026/06/05 12:41:50.413,G23,GPS,1,162.1,30.0,35.5,-2.1863,0.0000,0,0,0,0,0,100,use,nominal,1
2026/06/05 12:41:50.413,G25,GPS,1,124.0,53.7,38.6,-2.1079,0.0000,0,0,0,0,0,100,use,nominal,1
2026/06/05 12:41:50.413,G28,GPS,1,250.4,47.3,27.4,-8.9837,0.0000,0,0,0,0,0,71,downweight,low_snr,1
2026/06/05 12:41:50.413,G31,GPS,1,240.9,18.1,35.0,3.4340,0.0000,0,0,0,0,0,100,use,nominal,1
2026/06/05 12:41:50.413,G32,GPS,1,327.1,63.4,35.1,0.0845,0.0000,0,0,0,0,0,100,use,nominal,1
2026/06/05 12:41:51.413,G10,GPS,1,190.3,65.1,43.4,2.3032,0.0000,0,0,0,0,0,100,use,nominal,1
2026/06/05 12:41:51.413,G12,GPS,1,67.6,39.0,46.9,4.0081,0.0000,0,0,0,0,0,100,use,nominal,1
2026/06/05 12:41:51.413,G23,GPS,1,162.1,30.0,39.4,-0.5345,0.0000,0,0,0,0,0,100,use,nominal,1
2026/06/05 12:41:51.413,G25,GPS,1,124.0,53.7,41.5,-4.2545,0.0000,0,0,0,0,0,100,use,nominal,1
2026/06/05 12:41:51.413,G28,GPS,1,250.4,47.3,31.0,6.6654,0.0000,0,0,0,0,0,82,downweight,low_snr,1
2026/06/05 12:41:51.413,G31,GPS,1,240.9,18.1,34.2,-2.5316,0.0000,0,0,0,0,0,99,downweight,low_snr,1
2026/06/05 12:41:51.413,G32,GPS,1,327.1,63.4,37.8,-5.0719,0.0000,0,0,0,0,0,92,use,nominal,1
2026/06/05 12:41:52.413,G10,GPS,1,190.3,65.1,40.6,-3.4240,0.0000,0,0,0,0,0,100,use,nominal,1
2026/06/05 12:41:52.413,G12,GPS,1,67.6,39.0,45.5,-4.8422,0.0000,0,0,0,0,0,100,use,nominal,1
2026/06/05 12:41:52.413,G23,GPS,1,162.1,30.0,37.1,2.6146,0.0000,0,0,0,0,0,100,use,nominal,1
2026/06/05 12:41:52.413,G25,GPS,1,124.0,53.7,42.7,3.3718,0.0000,0,0,0,0,0,100,use,nominal,1
2026/06/05 12:41:52.413,G28,GPS,1,250.4,47.3,27.1,-8.6405,0.0000,0,0,0,0,0,72,downweight,low_snr,1
2026/06/05 12:41:52.413,G31,GPS,1,240.9,18.1,32.3,1.7713,0.0000,0,0,0,0,0,95,downweight,low_snr,1
2026/06/05 12:41:52.413,G32,GPS,1,327.1,63.4,39.0,6.9738,0.0000,0,0,0,0,0,89,use,nominal,1
2026/06/05 12:41:53.413,G10,GPS,1,190.3,65.1,39.2,-2.2196,0.0000,0,0,0,0,0,100,use,nominal,1
2026/06/05 12:41:53.413,G12,GPS,1,67.6,39.0,41.4,-0.8390,0.0000,0,0,0,0,0,100,use,nominal,1
2026/06/05 12:41:53.413,G23,GPS,1,162.1,29.9,33.3,3.0640,0.0000,0,0,0,0,0,97,downweight,low_snr,1
2026/06/05 12:41:53.413,G25,GPS,1,124.0,53.7,39.5,-1.1406,0.0000,0,0,0,0,0,100,use,nominal,1
2026/06/05 12:41:53.413,G28,GPS,1,250.5,47.3,29.4,1.3292,0.0000,0,0,0,0,0,89,downweight,low_snr,1
2026/06/05 12:41:53.413,G31,GPS,1,240.9,18.1,32.9,-1.8678,0.0000,0,0,0,0,0,96,downweight,low_snr,1
2026/06/05 12:41:53.413,G32,GPS,1,327.2,63.4,36.9,2.0313,0.0000,0,0,0,0,0,100,use,nominal,1
2026/06/05 12:41:54.413,G10,GPS,1,190.2,65.1,43.3,1.5601,0.0000,0,0,0,0,0,100,use,nominal,1
2026/06/05 12:41:54.413,G12,GPS,1,67.6,39.0,40.0,0.4638,0.0000,0,0,0,0,0,100,use,nominal,1
2026/06/05 12:41:54.413,G23,GPS,1,162.1,29.9,36.2,-1.8428,0.0000,0,0,0,0,0,100,use,nominal,1
2026/06/05 12:41:54.413,G25,GPS,1,123.9,53.7,41.3,0.6697,0.0000,0,0,0,0,0,100,use,nominal,1
2026/06/05 12:41:54.413,G28,GPS,1,250.5,47.3,36.9,-1.0942,0.0000,0,0,0,0,0,100,use,nominal,1
2026/06/05 12:41:54.413,G31,GPS,1,240.9,18.1,39.2,1.2347,0.0000,0,0,0,0,0,100,use,nominal,1
2026/06/05 12:41:54.413,G32,GPS,1,327.2,63.4,37.4,-1.1047,0.0000,0,0,0,0,0,100,use,nominal,1
2026/06/05 12:41:55.413,G10,GPS,1,190.2,65.1,42.0,1.6120,0.0000,0,0,0,0,0,100,use,nominal,1
2026/06/05 12:41:55.413,G12,GPS,1,67.6,39.0,24.3,-3.4941,0.0000,0,0,0,0,0,79,downweight,low_snr,1
2026/06/05 12:41:55.413,G23,GPS,1,162.1,29.9,31.7,-2.3882,0.0000,0,0,0,0,0,94,downweight,low_snr,1
2026/06/05 12:41:55.413,G25,GPS,1,123.9,53.7,41.2,3.0992,0.0000,0,0,0,0,0,100,use,nominal,1
2026/06/05 12:41:55.413,G28,GPS,1,250.5,47.3,39.2,-6.3786,0.0000,0,0,0,0,0,90,use,nominal,1
2026/06/05 12:41:55.413,G31,GPS,1,240.9,18.1,39.9,3.6390,0.0000,0,0,0,0,0,100,use,nominal,1
2026/06/05 12:41:55.413,G32,GPS,1,327.2,63.4,38.5,2.0666,0.0000,0,0,0,0,0,100,use,nominal,1
2026/06/05 12:42:12.624,G10,GPS,1,190.1,64.9,41.6,-3.0362,0.0000,0,0,0,0,0,100,use,nominal,1
2026/06/05 12:42:12.624,G12,GPS,1,67.4,38.9,39.4,0.1545,0.0000,0,0,0,0,0,100,use,nominal,1
2026/06/05 12:42:12.624,G23,GPS,1,162.1,29.8,33.1,-6.3948,0.0000,0,0,0,0,0,87,downweight,low_snr,1
2026/06/05 12:42:12.624,G25,GPS,1,123.7,53.8,34.3,20.9574,0.0000,0,0,0,0,0,67,downweight,low_snr,1
2026/06/05 12:42:12.624,G28,GPS,1,250.6,47.4,36.3,4.3112,0.0000,0,0,0,0,0,100,use,nominal,1
2026/06/05 12:42:12.624,G31,GPS,1,241.0,18.2,37.9,1.5568,0.0000,0,0,0,0,0,100,use,nominal,1
2026/06/05 12:42:12.624,G32,GPS,1,327.4,63.5,38.6,-5.0530,0.0000,0,0,0,0,0,92,use,nominal,1
2026/06/05 12:42:13.424,G10,GPS,1,190.1,64.9,39.8,-3.1196,0.0000,0,0,0,0,0,100,use,nominal,1
2026/06/05 12:42:13.424,G12,GPS,1,67.4,38.9,37.6,-3.1052,0.0000,0,0,0,0,0,100,use,nominal,1
2026/06/05 12:42:13.424,G23,GPS,1,162.1,29.8,33.5,-0.5931,0.0000,0,0,0,0,0,97,downweight,low_snr,1
2026/06/05 12:42:13.424,G25,GPS,1,123.7,53.8,34.0,5.3493,0.0000,0,0,0,0,0,90,downweight,low_snr,1
2026/06/05 12:42:13.424,G28,GPS,1,250.6,47.4,35.6,-2.6986,0.0000,0,0,0,0,0,100,use,nominal,1
2026/06/05 12:42:13.424,G31,GPS,1,241.0,18.2,36.1,1.7290,0.0000,0,0,0,0,0,100,use,nominal,1
2026/06/05 12:42:13.424,G32,GPS,1,327.4,63.5,38.6,2.6511,0.0000,0,0,0,0,0,100,use,nominal,1
2026/06/05 12:44:17.742,G10,GPS,1,189.4,63.9,40.2,8.7476,0.0000,0,0,0,0,0,87,use,nominal,1
2026/06/05 12:44:17.742,G12,GPS,1,66.3,38.6,37.8,5.2201,0.0000,0,0,0,0,0,92,use,nominal,1
2026/06/05 12:44:17.742,G25,GPS,1,122.2,54.4,38.0,-9.6256,0.0000,0,0,0,0,0,85,use,nominal,1
2026/06/05 12:44:17.742,G31,GPS,1,241.6,19.0,33.2,-1.1593,0.0000,0,0,0,0,0,97,downweight,low_snr,1
2026/06/05 12:44:17.742,G32,GPS,1,328.8,64.2,38.5,-3.3595,0.0000,0,0,0,0,0,100,use,nominal,1
2026/06/05 12:44:18.422,G10,GPS,1,189.4,63.8,39.6,4.4162,0.0000,0,0,0,0,0,100,use,nominal,1
2026/06/05 12:44:18.422,G12,GPS,1,66.3,38.6,40.5,-2.8158,0.0000,0,0,0,0,0,100,use,nominal,1
2026/06/05 12:44:18.422,G23,GPS,1,162.3,28.8,38.4,-0.1973,0.0000,0,0,0,0,0,100,use,nominal,1
2026/06/05 12:44:18.422,G25,GPS,1,122.2,54.4,36.1,0.0088,0.0000,0,0,0,0,0,100,use,nominal,1
2026/06/05 12:44:18.422,G28,GPS,1,251.6,48.2,35.7,-12.6038,0.0000,0,0,0,0,0,80,use,nominal,1
2026/06/05 12:44:18.422,G31,GPS,1,241.6,19.0,31.4,5.4294,0.0000,0,0,0,0,0,85,downweight,low_snr,1
2026/06/05 12:44:18.422,G32,GPS,1,328.8,64.2,38.3,6.0521,0.0000,0,0,0,0,0,91,use,nominal,1
2026/06/05 12:44:19.422,G10,GPS,1,189.4,63.8,36.9,-3.7386,0.0000,0,0,0,0,0,100,use,nominal,1
2026/06/05 12:44:19.422,G12,GPS,1,66.3,38.6,36.1,0.3798,0.0000,0,0,0,0,0,100,use,nominal,1
2026/06/05 12:44:19.422,G23,GPS,1,162.3,28.8,33.3,0.2257,0.0000,0,0,0,0,0,97,downweight,low_snr,1
2026/06/05 12:44:19.422,G25,GPS,1,122.2,54.4,35.0,1.6832,0.0000,0,0,0,0,0,100,use,nominal,1
2026/06/05 12:44:19.422,G28,GPS,1,251.6,48.2,31.3,6.4542,0.0000,0,0,0,0,0,83,downweight,low_snr,1
2026/06/05 12:44:19.422,G31,GPS,1,241.6,19.0,32.3,-2.3148,0.0000,0,0,0,0,0,95,downweight,low_snr,1
2026/06/05 12:44:19.422,G32,GPS,1,328.8,64.2,38.3,-2.1219,0.0000,0,0,0,0,0,100,use,nominal,1
2026/06/05 12:50:30.428,G12,GPS,1,63.0,37.5,30.6,0.0000,0.0000,0,0,0,0,0,92,downweight,low_snr,1
2026/06/05 12:50:30.428,G23,GPS,1,162.8,25.9,39.2,0.0000,0.0000,0,0,0,0,0,100,use,nominal,1
2026/06/05 12:50:30.428,G28,GPS,1,254.7,50.4,41.6,0.0000,0.0000,0,0,0,0,0,100,use,nominal,1
2026/06/05 12:50:30.428,G32,GPS,1,333.3,66.3,41.7,0.0000,0.0000,0,0,0,0,0,100,use,nominal,1
2026/06/05 12:50:31.428,G10,GPS,1,187.7,60.6,39.3,1.4773,0.0000,0,0,0,0,0,100,use,nominal,1
2026/06/05 12:50:31.428,G12,GPS,1,63.0,37.5,30.8,-1.3222,0.0000,0,0,0,0,0,92,downweight,low_snr,1
2026/06/05 12:50:31.428,G23,GPS,1,162.8,25.9,40.6,-4.2895,0.0000,0,0,0,0,0,100,use,nominal,1
2026/06/05 12:50:31.428,G25,GPS,1,117.3,56.0,31.1,5.9193,0.0000,0,0,0,0,0,84,downweight,low_snr,1
2026/06/05 12:50:31.428,G28,GPS,1,254.7,50.5,42.4,-5.6441,0.0000,0,0,0,0,0,91,use,nominal,1
2026/06/05 12:50:31.428,G31,GPS,1,243.4,21.3,33.4,5.3132,0.0000,0,0,0,0,0,89,downweight,low_snr,1
2026/06/05 12:50:31.428,G32,GPS,1,333.3,66.3,40.1,-0.4103,0.0000,0,0,0,0,0,100,use,nominal,1
2026/06/05 12:50:32.428,G10,GPS,1,187.7,60.6,38.3,-3.9087,0.0000,0,0,0,0,0,100,use,nominal,1
2026/06/05 12:50:32.428,G12,GPS,1,62.9,37.5,32.6,-1.7305,0.0000,0,0,0,0,0,96,downweight,low_snr,1
2026/06/05 12:50:32.428,G23,GPS,1,162.8,25.9,41.6,-5.7618,0.0000,0,0,0,0,0,91,use,nominal,1
2026/06/05 12:50:32.428,G25,GPS,1,117.3,56.0,34.0,16.0390,0.0000,0,0,0,0,0,73,downweight,low_snr,1
2026/06/05 12:50:32.428,G28,GPS,1,254.7,50.5,43.2,0.2986,0.0000,0,0,0,0,0,100,use,nominal,1
2026/06/05 12:50:32.428,G31,GPS,1,243.5,21.3,36.3,4.5412,0.0000,0,0,0,0,0,100,use,nominal,1
2026/06/05 12:50:32.428,G32,GPS,1,333.3,66.3,37.1,-4.5168,0.0000,0,0,0,0,0,100,use,nominal,1
2026/06/05 12:51:00.379,G10,GPS,1,187.6,60.4,39.3,-3.7073,0.0000,0,0,0,0,0,100,use,nominal,1
2026/06/05 12:51:00.379,G23,GPS,1,162.8,25.6,41.9,-1.9206,0.0000,0,0,0,0,0,100,use,nominal,1
2026/06/05 12:51:00.379,G25,GPS,1,116.9,56.1,35.8,5.1105,0.0000,0,0,0,0,0,92,use,nominal,1
2026/06/05 12:51:00.379,G28,GPS,1,255.0,50.6,44.8,4.6613,0.0000,0,0,0,0,0,100,use,nominal,1
2026/06/05 12:51:00.379,G32,GPS,1,333.7,66.4,41.1,-4.0182,0.0000,0,0,0,0,0,100,use,nominal,1
2026/06/05 12:51:01.419,G10,GPS,1,187.6,60.4,35.5,-4.5067,0.0000,0,0,0,0,0,100,use,nominal,1
2026/06/05 12:51:01.419,G12,GPS,1,62.7,37.4,29.1,-2.5212,0.0000,0,0,0,0,0,89,downweight,low_snr,1
2026/06/05 12:51:01.419,G23,GPS,1,162.8,25.6,40.5,-1.8681,0.0000,0,0,0,0,0,100,use,nominal,1
2026/06/05 12:51:01.419,G25,GPS,1,116.9,56.1,34.2,7.2375,0.0000,0,0,0,0,0,88,downweight,low_snr,1
2026/06/05 12:51:01.419,G28,GPS,1,255.0,50.6,43.2,0.5514,0.0000,0,0,0,0,0,100,use,nominal,1
2026/06/05 12:51:01.419,G31,GPS,1,243.6,21.4,34.3,2.0435,0.0000,0,0,0,0,0,99,downweight,low_snr,1
2026/06/05 12:51:01.419,G32,GPS,1,333.7,66.5,38.9,-1.0844,0.0000,0,0,0,0,0,100,use,nominal,1
2026/06/05 12:51:02.419,G10,GPS,1,187.5,60.4,35.0,0.2837,0.0000,0,0,0,0,0,100,use,nominal,1
2026/06/05 12:51:02.419,G12,GPS,1,62.7,37.4,27.5,0.7416,0.0000,0,0,0,0,0,85,downweight,low_snr,1
2026/06/05 12:51:02.419,G23,GPS,1,162.8,25.6,40.3,-1.2357,0.0000,0,0,0,0,0,100,use,nominal,1
2026/06/05 12:51:02.419,G25,GPS,1,116.9,56.1,33.7,1.0058,0.0000,0,0,0,0,0,98,downweight,low_snr,1
2026/06/05 12:51:02.419,G28,GPS,1,255.0,50.6,42.7,0.7270,0.0000,0,0,0,0,0,100,use,nominal,1
2026/06/05 12:51:02.419,G31,GPS,1,243.6,21.4,33.0,0.4566,0.0000,0,0,0,0,0,96,downweight,low_snr,1
2026/06/05 12:51:02.419,G32,GPS,1,333.7,66.5,39.5,-1.6729,0.0000,0,0,0,0,0,100,use,nominal,1
2026/06/05 12:51:03.419,G10,GPS,1,187.5,60.4,38.2,-1.2229,0.0000,0,0,0,0,0,100,use,nominal,1
2026/06/05 12:51:03.419,G23,GPS,1,162.8,25.6,40.3,-3.5486,0.0000,0,0,0,0,0,100,use,nominal,1
2026/06/05 12:51:03.419,G25,GPS,1,116.9,56.1,32.6,5.7506,0.0000,0,0,0,0,0,87,downweight,low_snr,1
2026/06/05 12:51:03.419,G28,GPS,1,255.0,50.6,42.1,0.9473,0.0000,0,0,0,0,0,100,use,nominal,1
2026/06/05 12:51:03.419,G31,GPS,1,243.6,21.4,32.6,2.3648,0.0000,0,0,0,0,0,96,downweight,low_snr,1
2026/06/05 12:51:03.419,G32,GPS,1,333.7,66.5,38.5,-3.6112,0.0000,0,0,0,0,0,100,use,nominal,1
2026/06/05 12:51:04.419,G10,GPS,1,187.5,60.4,38.1,-3.1676,0.0000,0,0,0,0,0,100,use,nominal,1
2026/06/05 12:51:04.419,G23,GPS,1,162.8,25.6,40.3,-5.1544,0.0000,0,0,0,0,0,92,use,nominal,1
2026/06/05 12:51:04.419,G25,GPS,1,116.9,56.1,32.4,9.4426,0.0000,0,0,0,0,0,80,downweight,low_snr,1
2026/06/05 12:51:04.419,G28,GPS,1,255.0,50.7,42.4,3.2616,0.0000,0,0,0,0,0,100,use,nominal,1
2026/06/05 12:51:04.419,G31,GPS,1,243.6,21.5,31.4,2.9562,0.0000,0,0,0,0,0,93,downweight,low_snr,1
2026/06/05 12:51:04.419,G32,GPS,1,333.7,66.5,39.8,-6.1578,0.0000,0,0,0,0,0,91,use,nominal,1
2026/06/05 12:51:05.419,G10,GPS,1,187.5,60.4,40.5,-1.0653,0.0000,0,0,0,0,0,100,use,nominal,1
2026/06/05 12:51:05.419,G23,GPS,1,162.8,25.6,41.2,-2.9289,0.0000,0,0,0,0,0,100,use,nominal,1
2026/06/05 12:51:05.419,G25,GPS,1,116.9,56.1,32.3,4.8551,0.0000,0,0,0,0,0,95,downweight,low_snr,1
2026/06/05 12:51:05.419,G28,GPS,1,255.0,50.7,43.0,0.8718,0.0000,0,0,0,0,0,100,use,nominal,1
2026/06/05 12:51:05.419,G31,GPS,1,243.6,21.5,31.4,2.0017,0.0000,0,0,0,0,0,93,downweight,low_snr,1
2026/06/05 12:51:05.419,G32,GPS,1,333.7,66.5,42.3,-2.9870,0.0000,0,0,0,0,0,100,use,nominal,1
2026/06/05 12:51:06.419,G10,GPS,1,187.5,60.3,40.8,2.8402,0.0000,0,0,0,0,0,100,use,nominal,1
2026/06/05 12:51:06.419,G23,GPS,1,162.9,25.6,41.7,1.5638,0.0000,0,0,0,0,0,100,use,nominal,1
2026/06/05 12:51:06.419,G25,GPS,1,116.9,56.1,31.4,-4.4535,0.0000,0,0,0,0,0,93,downweight,low_snr,1
2026/06/05 12:51:06.419,G28,GPS,1,255.0,50.7,42.5,-3.6007,0.0000,0,0,0,0,0,100,use,nominal,1
2026/06/05 12:51:06.419,G31,GPS,1,243.6,21.5,30.6,-0.0766,0.0000,0,0,0,0,0,92,downweight,low_snr,1
2026/06/05 12:51:06.419,G32,GPS,1,333.7,66.5,42.8,3.1601,0.0000,0,0,0,0,0,100,use,nominal,1
2026/06/05 12:51:07.419,G10,GPS,1,187.5,60.3,41.4,0.3628,0.0000,0,0,0,0,0,100,use,nominal,1
2026/06/05 12:51:07.419,G23,GPS,1,162.9,25.6,42.0,6.1707,0.0000,0,0,0,0,0,91,use,nominal,1
2026/06/05 12:51:07.419,G25,GPS,1,116.8,56.1,32.2,-8.8433,0.0000,0,0,0,0,0,81,downweight,low_snr,1
2026/06/05 12:51:07.419,G28,GPS,1,255.0,50.7,42.8,0.7588,0.0000,0,0,0,0,0,100,use,nominal,1
2026/06/05 12:51:07.419,G31,GPS,1,243.6,21.5,31.8,-5.0001,0.0000,0,0,0,0,0,86,downweight,low_snr,1
2026/06/05 12:51:07.419,G32,GPS,1,333.7,66.5,43.3,5.0040,0.0000,0,0,0,0,0,92,use,nominal,1
2026/06/05 12:51:08.419,G10,GPS,1,187.5,60.3,40.8,2.2794,0.0000,0,0,0,0,0,100,use,nominal,1
2026/06/05 12:51:08.419,G23,GPS,1,162.9,25.6,41.7,4.5304,0.0000,0,0,0,0,0,100,use,nominal,1
2026/06/05 12:51:08.419,G25,GPS,1,116.8,56.1,31.7,-8.1516,0.0000,0,0,0,0,0,81,downweight,low_snr,1
2026/06/05 12:51:08.419,G28,GPS,1,255.1,50.7,42.5,-2.2199,0.0000,0,0,0,0,0,100,use,nominal,1
2026/06/05 12:51:08.419,G31,GPS,1,243.6,21.5,30.1,-2.9702,0.0000,0,0,0,0,0,91,downweight,low_snr,1
2026/06/05 12:51:08.419,G32,GPS,1,333.8,66.5,43.4,5.0574,0.0000,0,0,0,0,0,92,use,nominal,1
2026/06/05 12:51:09.419,G10,GPS,1,187.5,60.3,40.9,1.4852,0.0000,0,0,0,0,0,100,use,nominal,1
2026/06/05 12:51:09.419,G23,GPS,1,162.9,25.6,41.7,7.3875,0.0000,0,0,0,0,0,89,use,nominal,1
2026/06/05 12:51:09.419,G25,GPS,1,116.8,56.1,32.0,-11.4539,0.0000,0,0,0,0,0,76,downweight,low_snr,1
2026/06/05 12:51:09.419,G28,GPS,1,255.1,50.7,42.3,-0.5383,0.0000,0,0,0,0,0,100,use,nominal,1
2026/06/05 12:51:09.419,G31,GPS,1,243.6,21.5,27.5,-6.7378,0.0000,0,0,0,0,0,75,downweight,low_snr,1
2026/06/05 12:51:09.419,G32,GPS,1,333.8,66.5,43.3,6.7153,0.0000,0,0,0,0,0,90,use,nominal,1
2026/06/05 12:51:10.419,G10,GPS,1,187.5,60.3,40.9,5.3271,0.0000,0,0,0,0,0,92,use,nominal,1
2026/06/05 12:51:10.419,G23,GPS,1,162.9,25.6,42.2,0.1583,0.0000,0,0,0,0,0,100,use,nominal,1
2026/06/05 12:51:10.419,G25,GPS,1,116.8,56.1,32.5,-4.2850,0.0000,0,0,0,0,0,95,downweight,low_snr,1
2026/06/05 12:51:10.419,G28,GPS,1,255.1,50.7,42.3,-7.3306,0.0000,0,0,0,0,0,89,use,nominal,1
2026/06/05 12:51:10.419,G31,GPS,1,243.6,21.5,28.0,2.5669,0.0000,0,0,0,0,0,86,downweight,low_snr,1
2026/06/05 12:51:10.419,G32,GPS,1,333.8,66.5,43.4,3.7994,0.0000,0,0,0,0,0,100,use,nominal,1
2026/06/05 12:51:11.419,G10,GPS,1,187.5,60.3,41.2,11.7473,0.0000,0,0,0,0,0,82,use,nominal,1
2026/06/05 12:51:11.419,G12,GPS,1,62.6,37.4,24.9,8.5328,0.0000,0,0,0,0,0,67,downweight,low_snr,1
2026/06/05 12:51:11.419,G23,GPS,1,162.9,25.5,41.9,-2.3024,0.0000,0,0,0,0,0,100,use,nominal,1
2026/06/05 12:51:11.419,G25,GPS,1,116.8,56.1,32.4,-10.0109,0.0000,0,0,0,0,0,79,downweight,low_snr,1
2026/06/05 12:51:11.419,G28,GPS,1,255.1,50.7,42.1,-4.1180,0.0000,0,0,0,0,0,100,use,nominal,1
2026/06/05 12:51:11.419,G31,GPS,1,243.7,21.5,24.8,1.1550,0.0000,0,0,0,0,0,80,downweight,low_snr,1
2026/06/05 12:51:11.419,G32,GPS,1,333.8,66.5,43.6,-1.9793,0.0000,0,0,0,0,0,100,use,nominal,1
2026/06/05 12:51:12.419,G10,GPS,1,187.5,60.3,41.9,2.1141,0.0000,0,0,0,0,0,100,use,nominal,1
2026/06/05 12:51:12.419,G23,GPS,1,162.9,25.5,41.8,3.4628,0.0000,0,0,0,0,0,100,use,nominal,1
2026/06/05 12:51:12.419,G25,GPS,1,116.8,56.1,32.4,-6.4081,0.0000,0,0,0,0,0,85,downweight,low_snr,1
2026/06/05 12:51:12.419,G28,GPS,1,255.1,50.7,42.7,-2.2177,0.0000,0,0,0,0,0,100,use,nominal,1
2026/06/05 12:51:12.419,G31,GPS,1,243.7,21.5,26.5,-2.5918,0.0000,0,0,0,0,0,83,downweight,low_snr,1
2026/06/05 12:51:12.419,G32,GPS,1,333.8,66.5,43.5,4.1379,0.0000,0,0,0,0,0,100,use,nominal,1
2026/06/05 12:51:13.419,G10,GPS,1,187.5,60.3,42.1,4.0622,0.0000,0,0,0,0,0,100,use,nominal,1
2026/06/05 12:51:13.419,G23,GPS,1,162.9,25.5,41.8,-2.5211,0.0000,0,0,0,0,0,100,use,nominal,1
2026/06/05 12:51:13.419,G25,GPS,1,116.8,56.1,31.9,0.3612,0.0000,0,0,0,0,0,94,downweight,low_snr,1
2026/06/05 12:51:13.419,G28,GPS,1,255.1,50.7,42.8,-6.1533,0.0000,0,0,0,0,0,91,use,nominal,1
2026/06/05 12:51:13.419,G31,GPS,1,243.7,21.5,31.1,3.9653,0.0000,0,0,0,0,0,93,downweight,low_snr,1
2026/06/05 12:51:13.419,G32,GPS,1,333.8,66.5,44.0,0.8769,0.0000,0,0,0,0,0,100,use,nominal,1
2026/06/05 12:51:14.419,G10,GPS,1,187.5,60.3,41.3,2.5089,0.0000,0,0,0,0,0,100,use,nominal,1
2026/06/05 12:51:14.419,G23,GPS,1,162.9,25.5,41.2,-4.0106,0.0000,0,0,0,0,0,100,use,nominal,1
2026/06/05 12:51:14.419,G25,GPS,1,116.8,56.1,31.9,3.6537,0.0000,0,0,0,0,0,94,downweight,low_snr,1
2026/06/05 12:51:14.419,G28,GPS,1,255.1,50.7,42.5,-4.3002,0.0000,0,0,0,0,0,100,use,nominal,1
2026/06/05 12:51:14.419,G31,GPS,1,243.7,21.5,31.0,4.5580,0.0000,0,0,0,0,0,92,downweight,low_snr,1
2026/06/05 12:51:14.419,G32,GPS,1,333.8,66.5,43.5,-1.3491,0.0000,0,0,0,0,0,100,use,nominal,1
2026/06/05 12:51:15.773,G10,GPS,1,187.5,60.3,39.3,0.3769,0.0000,0,0,0,0,0,100,use,nominal,1
2026/06/05 12:51:15.773,G23,GPS,1,162.9,25.5,40.0,-0.2091,0.0000,0,0,0,0,0,100,use,nominal,1
2026/06/05 12:51:15.773,G28,GPS,1,255.1,50.7,42.2,-0.5604,0.0000,0,0,0,0,0,100,use,nominal,1
2026/06/05 12:51:15.773,G31,GPS,1,243.7,21.5,31.4,0.3399,0.0000,0,0,0,0,0,93,downweight,low_snr,1
2026/06/05 12:51:15.773,G32,GPS,1,333.9,66.5,43.2,0.0990,0.0000,0,0,0,0,0,100,use,nominal,1
2026/06/05 12:51:16.756,G10,GPS,1,187.5,60.3,40.8,-2.3422,0.0000,0,0,0,0,0,100,use,nominal,1
2026/06/05 12:51:16.756,G23,GPS,1,162.9,25.5,40.5,-1.0697,0.0000,0,0,0,0,0,100,use,nominal,1
2026/06/05 12:51:16.756,G25,GPS,1,116.7,56.1,33.6,3.1779,0.0000,0,0,0,0,0,98,downweight,low_snr,1
2026/06/05 12:51:16.756,G28,GPS,1,255.1,50.7,42.7,3.0148,0.0000,0,0,0,0,0,100,use,nominal,1
2026/06/05 12:51:16.756,G31,GPS,1,243.7,21.5,35.3,-0.1099,0.0000,0,0,0,0,0,100,use,nominal,1
2026/06/05 12:51:16.756,G32,GPS,1,333.9,66.5,43.3,-2.4487,0.0000,0,0,0,0,0,100,use,nominal,1
2026/06/05 12:51:17.774,G10,GPS,1,187.5,60.2,40.7,1.8762,0.0000,0,0,0,0,0,100,use,nominal,1
2026/06/05 12:51:17.774,G23,GPS,1,162.9,25.5,40.0,-3.2337,0.0000,0,0,0,0,0,100,use,nominal,1
2026/06/05 12:51:17.774,G25,GPS,1,116.7,56.1,31.5,3.0784,0.0000,0,0,0,0,0,93,downweight,low_snr,1
2026/06/05 12:51:17.774,G28,GPS,1,255.1,50.7,43.2,-3.2530,0.0000,0,0,0,0,0,100,use,nominal,1
2026/06/05 12:51:17.774,G31,GPS,1,243.7,21.5,32.8,3.4128,0.0000,0,0,0,0,0,96,downweight,low_snr,1
2026/06/05 12:51:17.774,G32,GPS,1,333.9,66.5,43.3,-1.1800,0.0000,0,0,0,0,0,100,use,nominal,1
2026/06/05 12:51:18.753,G10,GPS,1,187.5,60.2,40.5,-5.8640,0.0000,0,0,0,0,0,91,use,nominal,1
2026/06/05 12:51:18.753,G23,GPS,1,162.9,25.5,41.0,0.3106,0.0000,0,0,0,0,0,100,use,nominal,1
2026/06/05 12:51:18.753,G25,GPS,1,116.7,56.1,32.8,4.0269,0.0000,0,0,0,0,0,96,downweight,low_snr,1
2026/06/05 12:51:18.753,G28,GPS,1,255.1,50.7,43.6,8.1381,0.0000,0,0,0,0,0,87,use,nominal,1
2026/06/05 12:51:18.753,G31,GPS,1,243.7,21.5,30.7,-2.8919,0.0000,0,0,0,0,0,92,downweight,low_snr,1
2026/06/05 12:51:18.753,G32,GPS,1,333.9,66.5,45.6,-3.8162,0.0000,0,0,0,0,0,100,use,nominal,1
2026/06/05 12:51:19.769,G10,GPS,1,187.5,60.2,40.1,-10.7682,0.0000,0,0,0,0,0,83,use,nominal,1
2026/06/05 12:51:19.769,G12,GPS,1,62.5,37.4,32.8,-5.8309,0.0000,0,0,0,0,0,87,downweight,low_snr,1
2026/06/05 12:51:19.769,G23,GPS,1,162.9,25.5,41.8,1.1313,0.0000,0,0,0,0,0,100,use,nominal,1
2026/06/05 12:51:19.769,G25,GPS,1,116.7,56.1,37.0,18.1599,0.0000,0,0,0,0,0,71,use,nominal,1
2026/06/05 12:51:19.769,G28,GPS,1,255.2,50.7,44.2,1.7275,0.0000,0,0,0,0,0,100,use,nominal,1
2026/06/05 12:51:19.769,G31,GPS,1,243.7,21.5,37.0,0.9483,0.0000,0,0,0,0,0,100,use,nominal,1
2026/06/05 12:51:19.769,G32,GPS,1,333.9,66.6,44.4,2.2232,0.0000,0,0,0,0,0,100,use,nominal,1
2026/06/05 12:51:20.751,G10,GPS,1,187.5,60.2,40.7,-8.2261,0.0000,0,0,0,0,0,87,use,nominal,1
2026/06/05 12:51:20.751,G12,GPS,1,62.5,37.4,35.4,-3.4344,0.0000,0,0,0,0,0,100,use,nominal,1
2026/06/05 12:51:20.751,G23,GPS,1,162.9,25.5,41.2,2.4904,0.0000,0,0,0,0,0,100,use,nominal,1
2026/06/05 12:51:20.751,G25,GPS,1,116.7,56.1,35.6,5.2671,0.0000,0,0,0,0,0,92,use,nominal,1
2026/06/05 12:51:20.751,G28,GPS,1,255.2,50.7,44.0,3.6230,0.0000,0,0,0,0,0,100,use,nominal,1
2026/06/05 12:51:20.751,G31,GPS,1,243.7,21.5,37.2,-1.3982,0.0000,0,0,0,0,0,100,use,nominal,1
2026/06/05 12:51:20.751,G32,GPS,1,333.9,66.6,42.8,1.6573,0.0000,0,0,0,0,0,100,use,nominal,1
2026/06/05 12:51:21.747,G10,GPS,1,187.5,60.2,40.5,-8.9855,0.0000,0,0,0,0,0,86,use,nominal,1
2026/06/05 12:51:21.747,G12,GPS,1,62.5,37.3,33.7,-5.5568,0.0000,0,0,0,0,0,90,downweight,low_snr,1
2026/06/05 12:51:21.747,G23,GPS,1,162.9,25.5,41.0,3.6954,0.0000,0,0,0,0,0,100,use,nominal,1
2026/06/05 12:51:21.747,G25,GPS,1,116.7,56.1,35.0,5.7630,0.0000,0,0,0,0,0,91,use,nominal,1
2026/06/05 12:51:21.747,G28,GPS,1,255.2,50.8,44.2,0.2018,0.0000,0,0,0,0,0,100,use,nominal,1
2026/06/05 12:51:21.747,G31,GPS,1,243.7,21.6,38.4,-0.4729,0.0000,0,0,0,0,0,100,use,nominal,1
2026/06/05 12:51:21.747,G32,GPS,1,333.9,66.6,43.3,5.1830,0.0000,0,0,0,0,0,92,use,nominal,1
2026/06/05 12:51:22.775,G10,GPS,1,187.5,60.2,41.5,-8.1091,0.0000,0,0,0,0,0,88,use,nominal,1
2026/06/05 12:51:22.775,G12,GPS,1,62.5,37.3,35.0,-4.1237,0.0000,0,0,0,0,0,100,use,nominal,1
2026/06/05 12:51:22.775,G23,GPS,1,162.9,25.5,42.2,3.7444,0.0000,0,0,0,0,0,100,use,nominal,1
2026/06/05 12:51:22.775,G25,GPS,1,116.6,56.1,35.9,4.0364,0.0000,0,0,0,0,0,100,use,nominal,1
2026/06/05 12:51:22.775,G28,GPS,1,255.2,50.8,44.9,2.1638,0.0000,0,0,0,0,0,100,use,nominal,1
2026/06/05 12:51:22.775,G31,GPS,1,243.7,21.6,37.5,-1.6008,0.0000,0,0,0,0,0,100,use,nominal,1
2026/06/05 12:51:22.775,G32,GPS,1,333.9,66.6,43.9,3.7479,0.0000,0,0,0,0,0,100,use,nominal,1
2026/06/05 12:51:23.758,G10,GPS,1,187.5,60.2,41.5,-7.7550,0.0000,0,0,0,0,0,88,use,nominal,1
2026/06/05 12:51:23.758,G12,GPS,1,62.5,37.3,33.4,-4.2845,0.0000,0,0,0,0,0,97,downweight,low_snr,1
2026/06/05 12:51:23.758,G23,GPS,1,162.9,25.4,41.1,4.6808,0.0000,0,0,0,0,0,100,use,nominal,1
2026/06/05 12:51:23.758,G25,GPS,1,116.6,56.1,32.0,2.8235,0.0000,0,0,0,0,0,94,downweight,low_snr,1
2026/06/05 12:51:23.758,G28,GPS,1,255.2,50.8,44.3,1.7786,0.0000,0,0,0,0,0,100,use,nominal,1
2026/06/05 12:51:23.758,G31,GPS,1,243.7,21.6,36.2,-2.1507,0.0000,0,0,0,0,0,100,use,nominal,1
2026/06/05 12:51:23.758,G32,GPS,1,334.0,66.6,42.2,4.7875,0.0000,0,0,0,0,0,100,use,nominal,1
2026/06/05 12:51:24.765,G10,GPS,1,187.5,60.2,42.3,-6.0345,0.0000,0,0,0,0,0,91,use,nominal,1
2026/06/05 12:51:24.765,G12,GPS,1,62.5,37.3,35.3,-3.1202,0.0000,0,0,0,0,0,100,use,nominal,1
2026/06/05 12:51:24.765,G23,GPS,1,162.9,25.4,41.5,2.2853,0.0000,0,0,0,0,0,100,use,nominal,1
2026/06/05 12:51:24.765,G25,GPS,1,116.6,56.2,35.0,3.7685,0.0000,0,0,0,0,0,100,use,nominal,1
2026/06/05 12:51:24.765,G28,GPS,1,255.2,50.8,44.8,1.3710,0.0000,0,0,0,0,0,100,use,nominal,1
2026/06/05 12:51:24.765,G31,GPS,1,243.7,21.6,38.4,-0.7330,0.0000,0,0,0,0,0,100,use,nominal,1
2026/06/05 12:51:24.765,G32,GPS,1,334.0,66.6,42.4,2.4956,0.0000,0,0,0,0,0,100,use,nominal,1
2026/06/05 12:51:25.755,G10,GPS,1,187.5,60.2,42.2,-5.6839,0.0000,0,0,0,0,0,91,use,nominal,1
2026/06/05 12:51:25.755,G12,GPS,1,62.5,37.3,36.0,-2.9463,0.0000,0,0,0,0,0,100,use,nominal,1
2026/06/05 12:51:25.755,G23,GPS,1,162.9,25.4,42.3,-2.0092,0.0000,0,0,0,0,0,100,use,nominal,1
2026/06/05 12:51:25.755,G25,GPS,1,116.6,56.2,35.4,8.9922,0.0000,0,0,0,0,0,86,use,nominal,1
2026/06/05 12:51:25.755,G28,GPS,1,255.2,50.8,45.1,0.3342,0.0000,0,0,0,0,0,100,use,nominal,1
2026/06/05 12:51:25.755,G31,GPS,1,243.7,21.6,38.1,2.5120,0.0000,0,0,0,0,0,100,use,nominal,1
2026/06/05 12:51:25.755,G32,GPS,1,334.0,66.6,41.6,-0.8359,0.0000,0,0,0,0,0,100,use,nominal,1
